subject,modeldate,party,very_estimate,somewhat_estimate,not_very_estimate,not_at_all_estimate,timestamp
concern-infected,8/19/2020,all,34.235002,33.454098,17.796073,12.010591,19-08-20 10:15
concern-economy,8/19/2020,all,56.552666,30.7162,8.0680151,3.0216456,19-08-20 10:15
concern-infected,8/18/2020,all,34.677532,33.414584,17.534226,11.746447,18-08-20 19:50
concern-economy,8/18/2020,all,56.552666,30.7162,8.0680151,3.0216456,18-08-20 19:50
concern-economy,8/17/2020,all,57.24885,29.807124,8.5189605,2.8884457,17-08-20 22:45
concern-infected,8/17/2020,all,34.677532,33.414584,17.534226,11.746447,17-08-20 22:45
concern-infected,8/16/2020,all,35.469771,33.208395,18.564398,11.354209,16-08-20 9:05
concern-economy,8/16/2020,all,56.973458,30.236948,8.6181157,2.9179429,16-08-20 9:05
concern-economy,8/15/2020,all,56.973458,30.236948,8.6181157,2.9179429,16-08-20 9:05
concern-infected,8/15/2020,all,35.469771,33.208395,18.564398,11.354209,16-08-20 9:05
concern-economy,8/14/2020,all,56.973458,30.236948,8.6181157,2.9179429,14-08-20 9:05
concern-infected,8/14/2020,all,35.469771,33.208395,18.564398,11.354209,14-08-20 9:05
concern-economy,8/13/2020,all,56.973458,30.236948,8.6181157,2.9179429,13-08-20 18:45
concern-infected,8/13/2020,all,35.597263,33.380997,18.581767,11.058234,13-08-20 18:45
concern-infected,08-12-20,all,35.455648,34.217724,17.850494,10.72564,12-08-20 16:05
concern-economy,08-12-20,all,56.973458,30.236948,8.6181157,2.9179429,12-08-20 16:05
concern-infected,08-11-20,all,35.635448,34.002272,17.771062,10.65254,11-08-20 16:55
concern-economy,08-11-20,all,56.973458,30.236948,8.6181157,2.9179429,11-08-20 16:55
concern-economy,08-10-20,all,56.458081,30.566238,8.8771685,2.7863659,10-08-20 13:25
concern-infected,08-10-20,all,35.635448,34.002272,17.771062,10.65254,10-08-20 13:25
concern-economy,08-09-20,all,56.458081,30.566238,8.8771685,2.7863659,10-08-20 10:35
concern-infected,08-09-20,all,35.635448,34.002272,17.771062,10.65254,10-08-20 10:35
concern-economy,08-08-20,all,56.458081,30.566238,8.8771685,2.7863659,10-08-20 10:35
concern-infected,08-08-20,all,35.635448,34.002272,17.771062,10.65254,10-08-20 10:35
concern-economy,08-07-20,all,56.458081,30.566238,8.8771685,2.7863659,07-08-20 14:00
concern-infected,08-07-20,all,35.635448,34.002272,17.771062,10.65254,07-08-20 14:00
concern-infected,08-06-20,all,35.635448,34.002272,17.771062,10.65254,06-08-20 20:50
concern-economy,08-06-20,all,56.458081,30.566238,8.8771685,2.7863659,06-08-20 20:50
concern-economy,08-05-20,all,57.432268,30.246172,8.2188982,2.7400271,05-08-20 18:45
concern-infected,08-05-20,all,35.513543,33.841901,17.799573,10.833534,05-08-20 18:45
concern-infected,08-04-20,all,36.019952,33.558322,17.55013,10.726149,04-08-20 20:05
concern-economy,08-04-20,all,57.843765,29.88125,8.1640783,2.6719312,04-08-20 20:05
concern-economy,08-03-20,all,56.326407,30.929715,8.6675419,2.4230166,04-08-20 6:35
concern-infected,08-03-20,all,35.729273,33.829106,17.660758,10.753067,04-08-20 6:35
concern-economy,08-02-20,all,56.326407,30.929715,8.6675419,2.4230166,04-08-20 6:35
concern-infected,08-02-20,all,35.729273,33.829106,17.660758,10.753067,04-08-20 6:35
concern-economy,08-01-20,all,56.326407,30.929715,8.6675419,2.4230166,04-08-20 6:35
concern-infected,08-01-20,all,35.729273,33.829106,17.660758,10.753067,04-08-20 6:35
concern-infected,7/31/2020,all,35.729273,33.829106,17.660758,10.753067,31-07-20 12:50
concern-economy,7/31/2020,all,56.326407,30.929715,8.6675419,2.4230166,31-07-20 12:50
concern-infected,7/30/2020,all,35.864029,33.797345,17.508635,10.826174,30-07-20 13:25
concern-economy,7/30/2020,all,56.326407,30.929715,8.6675419,2.4230166,30-07-20 13:25
concern-infected,7/29/2020,all,35.864029,33.797345,17.508635,10.826174,29-07-20 19:00
concern-economy,7/29/2020,all,56.898031,30.75011,8.2289191,2.3664609,29-07-20 19:00
concern-economy,7/28/2020,all,57.196281,30.743239,8.2376829,2.3664706,28-07-20 7:10
concern-infected,7/28/2020,all,37.016225,33.620653,16.658386,10.707426,28-07-20 7:10
concern-economy,7/27/2020,all,56.20501,31.191064,8.3734775,2.5846819,27-07-20 14:50
concern-infected,7/27/2020,all,37.117728,33.602459,16.7416,10.607111,27-07-20 14:50
concern-infected,7/26/2020,all,37.117728,33.602459,16.7416,10.607111,26-07-20 9:40
concern-economy,7/26/2020,all,56.009345,31.06933,8.5087558,2.5892226,26-07-20 9:40
concern-economy,7/25/2020,all,56.009345,31.06933,8.5087558,2.5892226,26-07-20 9:40
concern-infected,7/25/2020,all,37.117728,33.602459,16.7416,10.607111,26-07-20 9:40
concern-infected,7/24/2020,all,36.886125,33.528251,16.92323,10.577593,24-07-20 17:40
concern-economy,7/24/2020,all,56.009345,31.06933,8.5087558,2.5892226,24-07-20 17:40
concern-economy,7/23/2020,all,55.690561,31.393354,8.6488912,2.6793492,23-07-20 17:00
concern-infected,7/23/2020,all,37.389104,33.193515,16.394752,10.833699,23-07-20 17:00
concern-economy,7/22/2020,all,54.813215,31.750249,8.9203513,2.927727,22-07-20 14:30
concern-infected,7/22/2020,all,35.968375,33.395255,17.260222,11.069081,22-07-20 14:30
concern-infected,7/21/2020,all,35.935889,33.244414,17.016282,11.289044,21-07-20 22:05
concern-economy,7/21/2020,all,54.83324,31.800029,8.5476582,3.1965934,21-07-20 22:05
concern-infected,7/20/2020,all,36.09616,33.260848,17.026398,11.145916,20-07-20 18:45
concern-economy,7/20/2020,all,54.333817,32.088064,8.7507963,3.3477779,20-07-20 18:45
concern-infected,7/19/2020,all,35.639723,33.431771,17.276306,11.295858,19-07-20 9:05
concern-economy,7/19/2020,all,54.333817,32.088064,8.7507963,3.3477779,19-07-20 9:05
concern-infected,7/18/2020,all,35.639723,33.431771,17.276306,11.295858,19-07-20 9:05
concern-economy,7/18/2020,all,54.333817,32.088064,8.7507963,3.3477779,19-07-20 9:05
concern-economy,7/17/2020,all,54.333817,32.088064,8.7507963,3.3477779,17-07-20 18:50
concern-infected,7/17/2020,all,35.639723,33.431771,17.276306,11.295858,17-07-20 18:50
concern-infected,7/16/2020,all,34.565088,33.9529,18.133767,11.866981,16-07-20 16:40
concern-economy,7/16/2020,all,54.333817,32.088064,8.7507963,3.3477779,16-07-20 16:40
concern-economy,7/15/2020,all,54.499124,31.830571,8.7611223,3.3881283,15-07-20 17:10
concern-infected,7/15/2020,all,33.916076,34.116913,18.419405,12.011495,15-07-20 17:10
concern-economy,7/14/2020,all,54.499124,31.830571,8.7611223,3.3881283,14-07-20 19:00
concern-infected,7/14/2020,all,31.591565,34.531769,19.027843,12.835306,14-07-20 19:00
concern-infected,7/13/2020,all,31.631132,34.547542,19.070344,12.784077,13-07-20 16:45
concern-economy,7/13/2020,all,55.379466,31.115491,8.8337269,3.2460752,13-07-20 16:45
concern-infected,07-12-20,all,31.128285,34.707424,19.327142,12.890865,13-07-20 16:35
concern-economy,07-12-20,all,55.379466,31.115491,8.8337269,3.2460752,13-07-20 16:35
concern-economy,07-11-20,all,55.379466,31.115491,8.8337269,3.2460752,13-07-20 16:35
concern-infected,07-11-20,all,31.128285,34.707424,19.327142,12.890865,13-07-20 16:35
concern-infected,07-10-20,all,31.128285,34.707424,19.327142,12.890865,10-07-20 10:15
concern-economy,07-10-20,all,55.379466,31.115491,8.8337269,3.2460752,10-07-20 10:15
concern-economy,07-09-20,all,55.379466,31.115491,8.8337269,3.2460752,10-07-20 0:25
concern-infected,07-09-20,all,30.777769,34.742491,19.548932,12.996663,10-07-20 0:25
concern-infected,07-08-20,all,30.777769,34.742491,19.548932,12.996663,08-07-20 17:05
concern-economy,07-08-20,all,55.379466,31.115491,8.8337269,3.2460752,08-07-20 17:05
concern-infected,07-07-20,all,31.064142,34.661363,19.202494,12.934868,07-07-20 20:15
concern-economy,07-07-20,all,55.379466,31.115491,8.8337269,3.2460752,07-07-20 20:15
concern-infected,07-06-20,all,30.795733,34.738095,19.411109,13.040988,07-07-20 6:50
concern-economy,07-06-20,all,55.418561,30.935159,8.9039877,3.2750739,07-07-20 6:50
concern-economy,07-05-20,all,55.418561,30.935159,8.9039877,3.2750739,07-07-20 6:50
concern-infected,07-05-20,all,30.795733,34.738095,19.411109,13.040988,07-07-20 6:50
concern-economy,07-04-20,all,53.548657,32.004608,9.4237886,3.4556498,07-07-20 6:50
concern-infected,07-04-20,all,30.795733,34.738095,19.411109,13.040988,07-07-20 6:50
concern-economy,07-03-20,all,53.548657,32.004608,9.4237886,3.4556498,07-07-20 6:50
concern-infected,07-03-20,all,30.795733,34.738095,19.411109,13.040988,07-07-20 6:50
concern-infected,07-02-20,all,30.795733,34.738095,19.411109,13.040988,02-07-20 17:35
concern-economy,07-02-20,all,53.548657,32.004608,9.4237886,3.4556498,02-07-20 17:35
concern-economy,07-01-20,all,53.548657,32.004608,9.4237886,3.4556498,01-07-20 20:20
concern-infected,07-01-20,all,30.795733,34.738095,19.411109,13.040988,01-07-20 20:20
concern-infected,6/30/2020,all,29.111353,36.178801,20.666205,12.992771,30-06-20 21:15
concern-economy,6/30/2020,all,53.550118,32.006131,9.1774102,3.6360119,30-06-20 21:15
concern-infected,6/29/2020,all,28.769671,36.155854,20.901055,13.167323,29-06-20 18:35
concern-economy,6/29/2020,all,51.010911,33.60732,10.208918,3.4188371,29-06-20 18:35
concern-economy,6/28/2020,all,51.010911,33.60732,10.208918,3.4188371,28-06-20 10:40
concern-infected,6/28/2020,all,28.957378,36.022227,20.950686,13.115901,28-06-20 10:40
concern-infected,6/27/2020,all,28.957378,36.022227,20.950686,13.115901,28-06-20 10:40
concern-economy,6/27/2020,all,51.010911,33.60732,10.208918,3.4188371,28-06-20 10:40
concern-infected,6/26/2020,all,28.189215,36.058777,21.503274,13.285586,26-06-20 19:05
concern-economy,6/26/2020,all,51.010911,33.60732,10.208918,3.4188371,26-06-20 19:05
concern-economy,6/25/2020,all,51.010911,33.60732,10.208918,3.4188371,25-06-20 0:25
concern-infected,6/25/2020,all,27.925207,35.711193,21.554241,13.714249,25-06-20 0:25
concern-infected,6/24/2020,all,27.893275,35.829639,21.460724,13.728219,24-06-20 10:55
concern-economy,6/24/2020,all,51.262542,33.416113,9.9726304,3.5331484,24-06-20 10:55
concern-infected,6/23/2020,all,28.114699,35.598179,21.344716,13.730656,23-06-20 19:30
concern-economy,6/23/2020,all,51.262542,33.416113,9.9726304,3.5331484,23-06-20 19:30
concern-infected,6/22/2020,all,28.264291,35.606335,21.305816,13.660725,22-06-20 19:15
concern-economy,6/22/2020,all,51.142559,33.224654,10.104347,3.9452866,22-06-20 19:15
concern-infected,6/21/2020,all,28.517001,35.297417,21.030229,14.028976,21-06-20 8:05
concern-economy,6/21/2020,all,51.142559,33.224654,10.104347,3.9452866,21-06-20 8:05
concern-infected,6/20/2020,all,28.517001,35.297417,21.030229,14.028976,21-06-20 8:05
concern-economy,6/20/2020,all,51.142559,33.224654,10.104347,3.9452866,21-06-20 8:05
concern-infected,6/19/2020,all,28.517001,35.297417,21.030229,14.028976,19-06-20 18:10
concern-economy,6/19/2020,all,51.142559,33.224654,10.104347,3.9452866,19-06-20 18:10
concern-infected,6/18/2020,all,28.432202,35.376305,21.018437,14.036285,18-06-20 15:40
concern-economy,6/18/2020,all,51.200113,33.187772,10.171671,3.8185609,18-06-20 15:40
concern-infected,6/17/2020,all,28.089974,35.75377,21.535309,13.479846,17-06-20 10:10
concern-economy,6/17/2020,all,51.200113,33.187772,10.171671,3.8185609,17-06-20 10:10
concern-infected,6/16/2020,all,28.352136,35.71804,21.246513,13.453957,16-06-20 19:45
concern-economy,6/16/2020,all,51.200113,33.187772,10.171671,3.8185609,16-06-20 19:45
concern-infected,6/15/2020,all,28.450584,35.757983,21.193771,13.575781,15-06-20 17:00
concern-economy,6/15/2020,all,51.02643,32.947063,10.245244,3.9759091,15-06-20 17:00
concern-economy,6/14/2020,all,50.803102,33.211984,10.592627,3.8652259,15-06-20 11:10
concern-infected,6/14/2020,all,28.501634,35.680538,21.208355,13.630071,15-06-20 11:10
concern-infected,6/13/2020,all,28.501634,35.680538,21.208355,13.630071,15-06-20 11:10
concern-economy,6/13/2020,all,50.803102,33.211984,10.592627,3.8652259,15-06-20 11:10
concern-infected,06-12-20,all,28.047086,35.880687,21.758695,13.390416,12-06-20 18:00
concern-economy,06-12-20,all,50.803102,33.211984,10.592627,3.8652259,12-06-20 18:00
concern-infected,06-11-20,all,28.574057,35.566889,21.31032,13.544389,11-06-20 18:40
concern-economy,06-11-20,all,50.803102,33.211984,10.592627,3.8652259,11-06-20 18:40
concern-economy,06-10-20,all,51.735238,32.775861,10.003809,3.9098115,10-06-20 17:25
concern-infected,06-10-20,all,28.619629,35.688985,21.229445,13.394047,10-06-20 17:25
concern-infected,06-09-20,all,29.027798,35.66616,20.904957,13.258925,09-06-20 21:15
concern-economy,06-09-20,all,51.735238,32.775861,10.003809,3.9098115,09-06-20 21:15
concern-infected,06-08-20,all,29.64931,35.594,20.71441,12.953033,08-06-20 17:05
concern-economy,06-08-20,all,53.280986,32.349025,9.2995115,3.2723831,08-06-20 17:05
concern-infected,06-07-20,all,29.767526,35.618115,20.691496,12.816532,07-06-20 9:05
concern-economy,06-07-20,all,53.679146,32.177476,9.1711986,3.2878135,07-06-20 9:05
concern-economy,06-06-20,all,53.679146,32.177476,9.1711986,3.2878135,07-06-20 9:05
concern-infected,06-06-20,all,29.767526,35.618115,20.691496,12.816532,07-06-20 9:05
concern-infected,06-05-20,all,30.406441,35.392201,20.273112,12.96685,05-06-20 16:35
concern-economy,06-05-20,all,53.679146,32.177476,9.1711986,3.2878135,05-06-20 16:35
concern-economy,06-04-20,all,53.679146,32.177476,9.1711986,3.2878135,04-06-20 19:25
concern-infected,06-04-20,all,30.406441,35.392201,20.273112,12.96685,04-06-20 19:25
concern-infected,06-03-20,all,31.582982,35.24027,20.574665,11.518001,03-06-20 17:30
concern-economy,06-03-20,all,53.679146,32.177476,9.1711986,3.2878135,03-06-20 17:30
concern-infected,06-02-20,all,32.082644,35.309326,20.107625,11.420109,02-06-20 15:55
concern-economy,06-02-20,all,55.833262,31.177896,8.108494,3.1960046,02-06-20 15:55
concern-economy,06-01-20,all,57.1027,30.635413,8.1130973,2.9632449,01-06-20 18:20
concern-infected,06-01-20,all,32.12542,35.29418,20.265175,11.264507,01-06-20 18:20
concern-infected,5/31/2020,all,32.583202,35.806215,19.781362,11.065886,31-05-20 16:45
concern-economy,5/31/2020,all,56.568104,30.705303,8.4603741,2.9441164,31-05-20 16:45
concern-infected,5/30/2020,all,32.583202,35.806215,19.781362,11.065886,30-05-20 19:15
concern-economy,5/30/2020,all,56.568104,30.705303,8.4603741,2.9441164,30-05-20 19:15
concern-economy,5/29/2020,all,56.568104,30.705303,8.4603741,2.9441164,29-05-20 19:15
concern-infected,5/29/2020,all,32.583202,35.806215,19.781362,11.065886,29-05-20 19:15
concern-infected,5/28/2020,all,32.532283,35.827844,19.753924,11.107396,28-05-20 16:15
concern-economy,5/28/2020,all,56.568104,30.705303,8.4603741,2.9441164,28-05-20 16:15
concern-infected,5/27/2020,all,32.632395,35.840133,19.661074,11.097416,27-05-20 18:55
concern-economy,5/27/2020,all,56.568104,30.705303,8.4603741,2.9441164,27-05-20 18:55
concern-economy,5/26/2020,all,56.759255,30.484283,8.516507,2.9193068,26-05-20 22:25
concern-infected,5/26/2020,all,32.902524,35.667487,19.464565,11.126705,26-05-20 22:25
concern-infected,5/25/2020,all,33.000465,35.680136,19.329843,11.152162,26-05-20 7:30
concern-economy,5/25/2020,all,56.731735,30.632183,8.8444108,2.6650006,26-05-20 7:30
concern-infected,5/24/2020,all,33.09324,35.614914,19.398545,11.042646,26-05-20 7:30
concern-economy,5/24/2020,all,56.731735,30.632183,8.8444108,2.6650006,26-05-20 7:30
concern-economy,5/23/2020,all,56.731735,30.632183,8.8444108,2.6650006,26-05-20 7:30
concern-infected,5/23/2020,all,33.09324,35.614914,19.398545,11.042646,26-05-20 7:30
concern-infected,5/22/2020,all,33.09324,35.614914,19.398545,11.042646,22-05-20 19:35
concern-economy,5/22/2020,all,56.731735,30.632183,8.8444108,2.6650006,22-05-20 19:35
concern-infected,5/21/2020,all,32.975016,35.366737,19.577254,11.233354,21-05-20 18:15
concern-economy,5/21/2020,all,56.731735,30.632183,8.8444108,2.6650006,21-05-20 18:15
concern-economy,5/20/2020,all,56.731735,30.632183,8.8444108,2.6650006,20-05-20 18:15
concern-infected,5/20/2020,all,33.110292,35.094814,19.721133,11.337914,20-05-20 18:15
concern-infected,5/19/2020,all,30.753734,36.317724,20.233431,12.151683,19-05-20 23:55
concern-economy,5/19/2020,all,58.12627,29.699593,7.9739589,2.9926162,19-05-20 23:55
concern-economy,5/18/2020,all,55.605722,30.937587,8.5689622,3.3159111,18-05-20 16:35
concern-infected,5/18/2020,all,30.653207,36.223235,20.333553,12.277826,18-05-20 16:35
concern-infected,5/17/2020,all,31.921953,36.125928,19.716114,11.689733,17-05-20 12:20
concern-economy,5/17/2020,all,55.605722,30.937587,8.5689622,3.3159111,17-05-20 12:20
concern-economy,5/16/2020,all,55.605722,30.937587,8.5689622,3.3159111,16-05-20 8:05
concern-infected,5/16/2020,all,31.921953,36.125928,19.716114,11.689733,16-05-20 8:05
concern-economy,5/15/2020,all,55.573327,30.9124,8.7112704,3.2200788,15-05-20 15:05
concern-infected,5/15/2020,all,31.838945,36.199089,19.740359,11.683738,15-05-20 15:05
concern-infected,5/14/2020,all,31.731098,36.250174,19.809888,11.731546,14-05-20 18:00
concern-economy,5/14/2020,all,55.577297,30.988506,8.6539788,3.137298,14-05-20 18:00
concern-economy,5/13/2020,all,55.64439,30.923093,8.7908402,3.0706678,13-05-20 17:10
concern-infected,5/13/2020,all,31.479767,35.992653,20.049036,11.941353,13-05-20 17:10
concern-economy,05-12-20,all,55.903754,30.790191,8.6424016,3.0879324,12-05-20 23:05
concern-infected,05-12-20,all,32.708295,36.02825,19.416241,11.35856,12-05-20 23:05
concern-infected,05-11-20,all,32.834497,35.970886,19.390422,11.301951,11-05-20 14:35
concern-economy,05-11-20,all,55.067558,31.544267,8.9813184,3.2044838,11-05-20 14:35
concern-infected,05-10-20,all,32.816567,35.953075,19.422994,11.314738,11-05-20 11:05
concern-economy,05-10-20,all,55.067558,31.544267,8.9813184,3.2044838,11-05-20 11:05
concern-economy,05-09-20,all,55.067558,31.544267,8.9813184,3.2044838,09-05-20 7:40
concern-infected,05-09-20,all,32.005781,36.926379,19.904584,10.629841,09-05-20 7:40
concern-infected,05-08-20,all,31.995114,36.913,19.904515,10.632161,08-05-20 16:10
concern-economy,05-08-20,all,55.149742,31.561404,8.8604195,3.2206276,08-05-20 16:10
concern-economy,05-07-20,all,55.209089,31.403264,8.9146082,3.2570424,07-05-20 18:50
concern-infected,05-07-20,all,31.006627,37.332181,20.152212,11.010493,07-05-20 18:50
concern-economy,05-06-20,all,55.146994,31.358786,8.9364641,3.3386696,06-05-20 19:45
concern-infected,05-06-20,all,30.660573,37.360991,20.436568,11.101611,06-05-20 19:45
concern-infected,05-05-20,all,30.160456,38.928102,19.945428,10.417537,05-05-20 19:20
concern-economy,05-05-20,all,56.459974,30.210791,8.857056,3.2781455,05-05-20 19:20
concern-infected,05-04-20,all,31.375595,38.446992,20.011603,9.5298665,04-05-20 15:10
concern-economy,05-04-20,all,56.966255,29.726851,8.7266236,3.3017727,04-05-20 15:10
concern-economy,05-03-20,all,56.966255,29.726851,8.7266236,3.3017727,03-05-20 15:40
concern-infected,05-03-20,all,31.373302,38.526123,19.956354,9.5225053,03-05-20 15:40
concern-infected,05-02-20,all,31.279785,38.479429,20.263981,9.371332,02-05-20 7:00
concern-economy,05-02-20,all,56.966255,29.726851,8.7266236,3.3017727,02-05-20 7:00
concern-infected,05-01-20,all,31.189971,38.591662,20.267373,9.347461,01-05-20 19:00
concern-economy,05-01-20,all,57.021726,29.806858,8.6609931,3.2976355,01-05-20 19:00
concern-economy,4/30/2020,all,57.129176,29.754365,8.6404195,3.2504886,30-04-20 15:45
concern-infected,4/30/2020,all,31.081605,38.489262,20.395984,9.4834747,30-04-20 15:45
concern-infected,4/29/2020,all,30.81259,38.758053,20.486051,9.4559766,29-04-20 17:30
concern-economy,4/29/2020,all,56.954562,29.879102,8.6840714,3.2539677,29-04-20 17:30
concern-infected,4/28/2020,all,30.781942,38.757897,20.473387,9.4600028,28-04-20 23:00
concern-economy,4/28/2020,all,56.797742,30.084297,8.8643205,2.9713826,28-04-20 23:00
concern-economy,4/27/2020,all,55.613904,31.016987,9.3650708,2.8446749,27-04-20 17:45
concern-infected,4/27/2020,all,32.335759,38.559291,19.797426,8.7038327,27-04-20 17:45
concern-infected,4/26/2020,all,32.60568,37.815997,19.994388,8.8993825,27-04-20 8:05
concern-economy,4/26/2020,all,54.695862,31.78422,9.7966249,2.9533676,27-04-20 8:05
concern-economy,4/25/2020,all,54.695862,31.78422,9.7966249,2.9533676,25-04-20 7:55
concern-infected,4/25/2020,all,32.60568,37.815997,19.994388,8.8993825,25-04-20 7:55
concern-infected,4/24/2020,all,32.596807,37.829933,19.929268,8.9389042,24-04-20 14:10
concern-economy,4/24/2020,all,55.093169,31.514864,9.7099321,2.9704835,24-04-20 14:10
concern-economy,4/23/2020,all,55.19769,31.277705,9.7230732,3.00445,23-04-20 15:25
concern-infected,4/23/2020,all,32.345584,37.734254,20.04996,9.076144,23-04-20 15:25
concern-economy,4/22/2020,all,55.376078,31.108016,9.6973004,3.0193589,22-04-20 15:55
concern-infected,4/22/2020,all,32.202039,37.661474,20.192229,9.0835493,22-04-20 15:55
concern-infected,4/21/2020,all,31.901182,37.634756,20.23673,9.2376939,21-04-20 21:40
concern-economy,4/21/2020,all,56.888707,30.586927,8.6787873,2.9738719,21-04-20 21:40
concern-economy,4/20/2020,all,57.850277,29.622583,8.66464,2.8720653,20-04-20 19:15
concern-infected,4/20/2020,all,34.073216,37.892804,18.89104,7.9452866,20-04-20 19:15
concern-economy,4/19/2020,all,57.043192,29.922808,8.8579152,2.9740339,19-04-20 9:05
concern-infected,4/19/2020,all,33.833518,38.092426,19.079587,7.8919244,19-04-20 9:05
concern-infected,4/18/2020,all,33.706203,37.924524,19.317968,8.0828527,18-04-20 17:35
concern-economy,4/18/2020,all,57.043192,29.922808,8.8579152,2.9740339,18-04-20 17:35
concern-infected,4/17/2020,all,33.741089,37.882025,19.308946,8.0852459,17-04-20 14:30
concern-economy,4/17/2020,all,56.952778,30.000463,8.9196521,3.0507676,17-04-20 14:30
concern-economy,4/16/2020,all,56.978714,29.867328,8.940358,3.1035411,16-04-20 17:45
concern-infected,4/16/2020,all,33.736069,37.804236,19.199485,8.1477367,16-04-20 17:45
concern-infected,4/15/2020,all,36.811698,36.842879,17.132289,7.9718535,15-04-20 17:00
concern-economy,4/15/2020,all,56.992024,29.870961,8.7943251,3.1561254,15-04-20 17:00
concern-economy,4/14/2020,all,57.159566,29.665565,8.7932075,3.1979079,14-04-20 19:35
concern-infected,4/14/2020,all,38.344719,36.642256,16.09089,7.5965934,14-04-20 19:35
concern-economy,4/13/2020,all,57.154326,29.819843,8.8092224,3.0669822,13-04-20 19:05
concern-infected,4/13/2020,all,38.79787,36.356667,15.820303,7.7031128,13-04-20 19:05
concern-infected,04-12-20,all,37.150252,36.354122,16.773462,8.2610136,13-04-20 6:50
concern-economy,04-12-20,all,56.843724,30.26084,9.0852522,3.0177649,13-04-20 6:50
concern-infected,04-11-20,all,38.012555,36.800441,16.569675,7.8548123,11-04-20 7:50
concern-economy,04-11-20,all,56.843724,30.26084,9.0852522,3.0177649,11-04-20 7:50
concern-economy,04-10-20,all,57.06725,30.095193,9.0937099,2.9518285,10-04-20 9:55
concern-infected,04-10-20,all,37.999492,36.834147,16.569473,7.8352198,10-04-20 9:55
concern-infected,04-09-20,all,37.500457,36.38094,17.087186,8.1516584,09-04-20 18:30
concern-economy,04-09-20,all,57.075326,30.131905,9.1004618,2.9470866,09-04-20 18:30
concern-economy,04-08-20,all,56.539081,30.665442,8.9935252,3.0943447,08-04-20 22:10
concern-infected,04-08-20,all,36.96633,36.130652,17.203993,8.671082,08-04-20 22:10
concern-economy,04-07-20,all,54.897678,31.463003,9.611591,3.1513887,07-04-20 23:20
concern-infected,04-07-20,all,33.412965,36.373118,18.902791,9.9494827,07-04-20 23:20
concern-infected,04-06-20,all,32.982783,36.513441,19.071331,10.106182,06-04-20 23:50
concern-economy,04-06-20,all,55.311979,31.338252,9.3722758,3.0746686,06-04-20 23:50
concern-infected,04-05-20,all,32.982783,36.513441,19.071331,10.106182,06-04-20 10:50
concern-economy,04-05-20,all,54.400371,31.799203,9.6014506,3.1591725,06-04-20 10:50
concern-economy,04-04-20,all,54.400371,31.799203,9.6014506,3.1591725,04-04-20 0:30
concern-infected,04-04-20,all,32.982783,36.513441,19.071331,10.106182,04-04-20 0:30
concern-economy,04-03-20,all,54.462539,31.712841,9.6709547,3.0979517,03-04-20 13:35
concern-infected,04-03-20,all,32.9665,36.413921,19.133612,10.14452,03-04-20 13:35
concern-infected,04-02-20,all,31.81763,36.3726,19.80058,10.62861,02-04-20 17:46
concern-economy,04-02-20,all,54.5601,31.42808,9.623364,3.319085,02-04-20 17:45
concern-infected,04-01-20,all,31.81763,36.3726,19.80058,10.62861,02-04-20 17:46
concern-economy,04-01-20,all,54.5601,31.42808,9.623364,3.319085,02-04-20 17:45
concern-infected,3/31/2020,all,31.53831,36.23717,20.06977,10.73117,02-04-20 17:46
concern-economy,3/31/2020,all,55.14687,30.67529,9.485602,3.604705,02-04-20 17:45
concern-economy,3/30/2020,all,55.14687,30.67529,9.485602,3.604705,02-04-20 17:45
concern-infected,3/30/2020,all,31.48081,36.19573,20.08361,10.84496,02-04-20 17:46
concern-economy,3/29/2020,all,63.37077,25.67033,6.820952,3.483248,02-04-20 17:45
concern-infected,3/29/2020,all,32.5274,37.45335,20.25546,9.067663,02-04-20 17:46
concern-infected,3/28/2020,all,30.97512,37.652,21.01104,9.644611,02-04-20 17:46
concern-economy,3/28/2020,all,55.76489,28.83874,9.314854,5.001129,02-04-20 17:45
concern-infected,3/27/2020,all,30.5966,37.28209,21.37903,9.982054,02-04-20 17:46
concern-economy,3/27/2020,all,55.76489,28.83874,9.314854,5.001129,02-04-20 17:45
concern-economy,3/26/2020,all,55.76489,28.83874,9.314854,5.001129,02-04-20 17:45
concern-infected,3/26/2020,all,30.51298,37.2417,21.47831,10.00302,02-04-20 17:46
concern-economy,3/25/2020,all,54.05219,29.72926,9.848284,5.136967,02-04-20 17:45
concern-infected,3/25/2020,all,30.44253,37.22616,21.52938,10.01975,02-04-20 17:46
concern-infected,3/24/2020,all,29.26733,36.11691,22.96114,10.7774,02-04-20 17:46
concern-economy,3/24/2020,all,54.05219,29.72926,9.848284,5.136967,02-04-20 17:45
concern-economy,3/23/2020,all,52.73412,30.45293,10.28445,5.333936,02-04-20 17:45
concern-infected,3/23/2020,all,27.9404,36.6573,23.26873,11.04683,02-04-20 17:46
concern-infected,3/22/2020,all,27.28671,36.35975,23.72996,11.32055,02-04-20 17:46
concern-economy,3/22/2020,all,52.73412,30.45293,10.28445,5.333936,02-04-20 17:45
concern-economy,3/21/2020,all,47.62551,32.997,12.07553,5.92444,02-04-20 17:45
concern-infected,3/21/2020,all,24.29691,37.2181,25.39157,11.64195,02-04-20 17:46
concern-infected,3/20/2020,all,24.29691,37.2181,25.39157,11.64195,02-04-20 17:46
concern-economy,3/20/2020,all,47.62551,32.997,12.07553,5.92444,02-04-20 17:46
concern-infected,3/19/2020,all,24.29691,37.2181,25.39157,11.64195,02-04-20 17:46
concern-economy,3/19/2020,all,45.38528,34.18507,12.70884,6.211256,02-04-20 17:46
concern-infected,3/18/2020,all,23.46276,34.76722,26.64241,13.64039,02-04-20 17:46
concern-economy,3/18/2020,all,45.38528,34.18507,12.70884,6.211256,02-04-20 17:46
concern-infected,3/17/2020,all,23.46276,34.76722,26.64241,13.64039,02-04-20 17:46
concern-economy,3/17/2020,all,44.04733,34.81139,12.98826,6.417843,02-04-20 17:46
concern-economy,3/16/2020,all,42.46375,35.49059,13.57028,6.670887,02-04-20 17:46
concern-infected,3/16/2020,all,23.74623,34.44712,26.40847,13.77206,02-04-20 17:46
concern-infected,3/15/2020,all,23.27218,34.20933,26.65161,14.2085,02-04-20 17:46
concern-economy,3/15/2020,all,37.13918,37.96914,15.01443,7.490304,02-04-20 17:46
concern-infected,3/14/2020,all,22.14673,33.64861,28.11237,14.37209,02-04-20 17:46
concern-economy,3/14/2020,all,34.88319,38.08405,15.9141,8.212915,02-04-20 17:46
concern-infected,3/13/2020,all,22.14673,33.64861,28.11237,14.37209,02-04-20 17:46
concern-economy,3/13/2020,all,34.09245,38.4781,16.53161,8.28289,02-04-20 17:46
concern-infected,03-12-20,all,22.32016,33.02826,28.9935,14.40557,02-04-20 17:46
concern-economy,03-12-20,all,34.21951,36.67172,18.38413,7.946908,02-04-20 17:46
concern-infected,03-11-20,all,22.4244,31.26108,30.29826,15.62325,02-04-20 17:46
concern-economy,03-11-20,all,34.21951,36.67172,18.38413,7.946908,02-04-20 17:46
concern-infected,03-10-20,all,22.10178,31.99989,28.88765,16.59942,02-04-20 17:46
concern-economy,03-10-20,all,34.21951,36.67172,18.38413,7.946908,02-04-20 17:46
concern-economy,03-09-20,all,33.85994,36.65052,18.78105,8.071594,02-04-20 17:46
concern-infected,03-09-20,all,22.4908,31.72139,28.51094,16.74567,02-04-20 17:46
concern-economy,03-08-20,all,33.83747,36.61839,19.02329,8.326152,02-04-20 17:46
concern-infected,03-08-20,all,20.62768,31.46883,29.76527,17.3044,02-04-20 17:46
concern-economy,03-07-20,all,33.17934,36.48302,19.92439,7.631758,02-04-20 17:46
concern-infected,03-07-20,all,19.82386,28.96277,32.97747,17.23682,02-04-20 17:46
concern-economy,03-06-20,all,33.17934,36.48302,19.92439,7.631758,02-04-20 17:46
concern-infected,03-06-20,all,19.82386,28.96277,32.97747,17.23682,02-04-20 17:46
concern-infected,03-05-20,all,19.82386,28.96277,32.97747,17.23682,02-04-20 17:46
concern-economy,03-05-20,all,33.17934,36.48302,19.92439,7.631758,02-04-20 17:46
concern-economy,03-04-20,all,32.43756,35.37135,20.94713,8.149701,02-04-20 17:46
concern-infected,03-04-20,all,19.82386,28.96277,32.97747,17.23682,02-04-20 17:46
concern-infected,03-03-20,all,19.82386,28.96277,32.97747,17.23682,02-04-20 17:46
concern-economy,03-03-20,all,32.43756,35.37135,20.94713,8.149701,02-04-20 17:46
concern-economy,03-02-20,all,28.73197,34.83743,21.58282,10.18496,02-04-20 17:46
concern-infected,03-02-20,all,17.90033,24.96559,35.13448,20.38884,02-04-20 17:46
concern-economy,03-01-20,all,28.73197,34.83743,21.58282,10.18496,02-04-20 17:46
concern-infected,03-01-20,all,17.90033,24.96559,35.13448,20.38884,02-04-20 17:46
concern-infected,2/29/2020,all,17.90033,24.96559,35.13448,20.38884,02-04-20 17:46
concern-economy,2/29/2020,all,25.62871,35.5055,24.18785,11.32783,02-04-20 17:46
concern-infected,2/28/2020,all,17.90033,24.96559,35.13448,20.38884,02-04-20 17:46
concern-economy,2/28/2020,all,25.62871,35.5055,24.18785,11.32783,02-04-20 17:46
concern-economy,2/27/2020,all,25.62871,35.5055,24.18785,11.32783,02-04-20 17:46
concern-infected,2/27/2020,all,17.55785,24.40722,36.65177,20.91708,02-04-20 17:46
concern-infected,2/26/2020,all,17.55785,24.40722,36.65177,20.91708,02-04-20 17:46
concern-economy,2/26/2020,all,25.62871,35.5055,24.18785,11.32783,02-04-20 17:46
concern-infected,2/25/2020,all,17.55785,24.40722,36.65177,20.91708,02-04-20 17:46
concern-economy,2/25/2020,all,22.2899,34.34493,27.1253,13.61984,02-04-20 17:46
concern-infected,2/24/2020,all,18.43492,23.51789,36.31841,20.99664,02-04-20 17:46
concern-economy,2/24/2020,all,22.2899,34.34493,27.1253,13.61984,02-04-20 17:46
concern-economy,2/23/2020,all,22.2899,34.34493,27.1253,13.61984,02-04-20 17:46
concern-infected,2/23/2020,all,18.43492,23.51789,36.31841,20.99664,02-04-20 17:46
concern-economy,2/22/2020,all,22.2899,34.34493,27.1253,13.61984,02-04-20 17:46
concern-infected,2/22/2020,all,18.43492,23.51789,36.31841,20.99664,02-04-20 17:46
concern-economy,2/21/2020,all,22.2899,34.34493,27.1253,13.61984,02-04-20 17:46
concern-infected,2/21/2020,all,18.43492,23.51789,36.31841,20.99664,02-04-20 17:46
concern-infected,2/20/2020,all,18.43492,23.51789,36.31841,20.99664,02-04-20 17:46
concern-economy,2/20/2020,all,22.2899,34.34493,27.1253,13.61984,02-04-20 17:46
concern-economy,2/19/2020,all,22.2899,34.34493,27.1253,13.61984,02-04-20 17:46
concern-infected,2/19/2020,all,18.43492,23.51789,36.31841,20.99664,02-04-20 17:46
concern-infected,2/18/2020,all,18.43492,23.51789,36.31841,20.99664,02-04-20 17:46
concern-economy,2/18/2020,all,22.2899,34.34493,27.1253,13.61984,02-04-20 17:46
concern-economy,2/17/2020,all,22.7564,32.28901,24.01514,8.969726,02-04-20 17:46
concern-infected,2/17/2020,all,16.4273,24.80625,37.79734,19.74481,02-04-20 17:46
concern-economy,2/16/2020,all,22.7564,32.28901,24.01514,8.969726,02-04-20 17:46
concern-infected,2/16/2020,all,16.4273,24.80625,37.79734,19.74481,02-04-20 17:46
concern-economy,2/15/2020,all,22.7564,32.28901,24.01514,8.969726,02-04-20 17:46
concern-infected,2/15/2020,all,11.7618,26.27597,39.08025,19.99529,02-04-20 17:46
